"","Allele","Locus.Antigen"
"1","01:01","A1"
"2","01:02","A1"
"3","01:03","A1"
"4","01:06","A1"
"5","01:08","A1"
"6","01:09","A1"
"7","01:10","A1"
"8","01:101","A1"
"9","01:12","A1"
"10","01:13","A1"
"11","01:14","A1"
"12","01:17","A1"
"13","01:19","A1"
"14","01:20","A1"
"15","01:23","A1"
"16","01:24","A1"
"17","01:25","A1"
"18","01:26","A1"
"19","01:28","A1"
"20","01:29","A1"
"21","01:30","A1"
"22","01:33","A1"
"23","01:36","A1"
"24","01:38","A1"
"25","01:39","A1"
"26","01:40","A1"
"27","01:43","A1"
"28","01:44","A1"
"29","01:47","A1"
"30","01:49","A1"
"31","01:51","A1"
"32","01:60","A1"
"33","01:61","A1"
"34","01:64","A1"
"35","01:66","A1"
"36","01:68","A1"
"37","01:71","A1"
"38","02:01","A2"
"39","02:02","A2"
"40","02:03","A203"
"41","02:04","A2"
"42","02:05","A2"
"43","02:06","A2"
"44","02:07","A2"
"45","02:08","A2"
"46","02:10","A210"
"47","02:101","A2"
"48","02:102","A2"
"49","02:103","A2"
"50","02:105","A2"
"51","02:106","A2"
"52","02:107","A2"
"53","02:108","A2"
"54","02:109","A2"
"55","02:11","A2"
"56","02:110","A2"
"57","02:112","A2"
"58","02:114","A2"
"59","02:115","A2"
"60","02:118","A2"
"61","02:119","A2"
"62","02:12","A2"
"63","02:120","A2"
"64","02:121","A2"
"65","02:122","A2"
"66","02:123","A2"
"67","02:128","A2"
"68","02:129","A2"
"69","02:13","A2"
"70","02:130","A2"
"71","02:133","A2"
"72","02:136","A2"
"73","02:137","A2"
"74","02:138","A2"
"75","02:139","A2"
"76","02:14","A2"
"77","02:141","A2"
"78","02:143","A2"
"79","02:145","A2"
"80","02:146","A2"
"81","02:147","A2"
"82","02:148","A2"
"83","02:149","A2"
"84","02:151","A2"
"85","02:152","A2"
"86","02:153","A2"
"87","02:154","A2"
"88","02:155","A2"
"89","02:156","A2"
"90","02:157","A2"
"91","02:158","A2"
"92","02:159","A2"
"93","02:16","A2"
"94","02:160","A2"
"95","02:161","A2"
"96","02:162","A2"
"97","02:163","A2"
"98","02:164","A2"
"99","02:165","A2"
"100","02:166","A2"
"101","02:167","A2"
"102","02:168","A2"
"103","02:169","A2"
"104","02:17","A2"
"105","02:171","A2"
"106","02:172","A2"
"107","02:173","A2"
"108","02:174","A2"
"109","02:175","A2"
"110","02:176","A2"
"111","02:177","A2"
"112","02:178","A2"
"113","02:18","A2"
"114","02:180","A2"
"115","02:183","A2"
"116","02:185","A2"
"117","02:186","A2"
"118","02:187","A2"
"119","02:188","A2"
"120","02:189","A2"
"121","02:19","A2"
"122","02:190","A2"
"123","02:191","A2"
"124","02:192","A2"
"125","02:193","A2"
"126","02:194","A2"
"127","02:195","A2"
"128","02:196","A2"
"129","02:197","A2"
"130","02:198","A2"
"131","02:199","A2"
"132","02:20","A2"
"133","02:200","A2"
"134","02:204","A2"
"135","02:205","A2"
"136","02:206","A2"
"137","02:208","A2"
"138","02:209","A2"
"139","02:21","A2"
"140","02:210","A2"
"141","02:211","A2"
"142","02:212","A2"
"143","02:213","A2"
"144","02:214","A2"
"145","02:215","A2"
"146","02:216","A2"
"147","02:217","A2"
"148","02:218","A2"
"149","02:219","A2"
"150","02:22","A2"
"151","02:224","A2"
"152","02:228","A2"
"153","02:230","A2"
"154","02:24","A2"
"155","02:242","A2"
"156","02:245","A2"
"157","02:246","A2"
"158","02:247","A2"
"159","02:25","A2"
"160","02:251","A2"
"161","02:254","A2"
"162","02:255","A2"
"163","02:258","A2"
"164","02:26","A2"
"165","02:261","A2"
"166","02:263","A2"
"167","02:267","A2"
"168","02:268","A2"
"169","02:27","A2"
"170","02:270","A2"
"171","02:271","A2"
"172","02:272","A2"
"173","02:273","A2"
"174","02:274","A2"
"175","02:275","A2"
"176","02:276","A2"
"177","02:277","A2"
"178","02:278","A2"
"179","02:279","A2"
"180","02:28","A2"
"181","02:280","A2"
"182","02:281","A2"
"183","02:282","A2"
"184","02:289","A2"
"185","02:29","A2"
"186","02:297","A2"
"187","02:30","A2"
"188","02:300","A2"
"189","02:303","A2"
"190","02:304","A2"
"191","02:31","A2"
"192","02:311","A2"
"193","02:33","A2"
"194","02:34","A2"
"195","02:35","A2"
"196","02:36","A2"
"197","02:37","A2"
"198","02:38","A2"
"199","02:39","A2"
"200","02:40","A2"
"201","02:41","A2"
"202","02:42","A2"
"203","02:44","A2"
"204","02:45","A2"
"205","02:46","A2"
"206","02:47","A2"
"207","02:48","A2"
"208","02:49","A2"
"209","02:51","A2"
"210","02:52","A2"
"211","02:54","A2"
"212","02:55","A2"
"213","02:56","A2"
"214","02:57","A2"
"215","02:58","A2"
"216","02:59","A2"
"217","02:60","A2"
"218","02:61","A2"
"219","02:62","A2"
"220","02:63","A2"
"221","02:64","A2"
"222","02:65","A2"
"223","02:67","A2"
"224","02:68","A2"
"225","02:72","A2"
"226","02:73","A2"
"227","02:74","A2"
"228","02:76","A2"
"229","02:77","A2"
"230","02:79","A2"
"231","02:80","A2"
"232","02:81","A2"
"233","02:84","A2"
"234","02:85","A2"
"235","02:86","A2"
"236","02:87","A2"
"237","02:90","A2"
"238","02:92","A2"
"239","02:93","A2"
"240","02:95","A2"
"241","02:96","A2"
"242","03:01","A3"
"243","03:02","A3"
"244","03:04","A3"
"245","03:05","A3"
"246","03:06","A3"
"247","03:07","A3"
"248","03:08","A3"
"249","03:09","A3"
"250","03:10","A3"
"251","03:100","A3"
"252","03:101","A3"
"253","03:102","A3"
"254","03:103","A3"
"255","03:104","A3"
"256","03:105","A3"
"257","03:106","A3"
"258","03:107","A3"
"259","03:108","A3"
"260","03:109","A3"
"261","03:12","A3"
"262","03:13","A3"
"263","03:14","A3"
"264","03:15","A3"
"265","03:16","A3"
"266","03:17","A3"
"267","03:18","A3"
"268","03:22","A3"
"269","03:23","A3"
"270","03:24","A3"
"271","03:25","A3"
"272","03:27","A3"
"273","03:29","A3"
"274","03:30","A3"
"275","03:31","A3"
"276","03:32","A3"
"277","03:33","A3"
"278","03:34","A3"
"279","03:35","A3"
"280","03:38","A3"
"281","03:40","A3"
"282","03:41","A3"
"283","03:44","A3"
"284","03:46","A3"
"285","03:47","A3"
"286","03:48","A3"
"287","03:49","A3"
"288","03:50","A3"
"289","03:51","A3"
"290","03:52","A3"
"291","03:53","A3"
"292","03:54","A3"
"293","03:56","A3"
"294","03:57","A3"
"295","03:58","A3"
"296","03:59","A3"
"297","03:62","A3"
"298","03:63","A3"
"299","03:64","A3"
"300","03:65","A3"
"301","03:66","A3"
"302","03:67","A3"
"303","03:70","A3"
"304","03:71","A3"
"305","03:72","A3"
"306","03:73","A3"
"307","03:74","A3"
"308","03:77","A3"
"309","03:79","A3"
"310","03:81","A3"
"311","03:87","A3"
"312","03:88","A3"
"313","03:89","A3"
"314","03:97","A3"
"315","03:98","A3"
"316","11:01","A11"
"317","11:02","A11"
"318","11:03","A11"
"319","11:04","A11"
"320","11:05","A11"
"321","11:06","A11"
"322","11:07","A11"
"323","11:08","A11"
"324","11:09","A11"
"325","11:10","A11"
"326","11:11","A11"
"327","11:12","A11"
"328","11:14","A11"
"329","11:15","A11"
"330","11:16","A11"
"331","11:17","A11"
"332","11:18","A11"
"333","11:19","A11"
"334","11:20","A11"
"335","11:22","A11"
"336","11:23","A11"
"337","11:24","A11"
"338","11:25","A11"
"339","11:27","A11"
"340","11:29","A11"
"341","11:30","A11"
"342","11:31","A11"
"343","11:32","A11"
"344","11:34","A11"
"345","11:35","A11"
"346","11:37","A11"
"347","11:38","A11"
"348","11:39","A11"
"349","11:40","A11"
"350","11:44","A11"
"351","11:45","A11"
"352","11:46","A11"
"353","11:47","A11"
"354","11:49","A11"
"355","11:52","A11"
"356","11:54","A11"
"357","11:57","A11"
"358","11:58","A11"
"359","11:61","A11"
"360","11:65","A11"
"361","11:67","A11"
"362","11:70","A11"
"363","11:79","A11"
"364","11:96","A11"
"365","23:01","A23"
"366","23:02","A23"
"367","23:03","A23"
"368","23:04","A23"
"369","23:05","A23"
"370","23:06","A23"
"371","23:12","A23"
"372","23:13","A23"
"373","23:14","A23"
"374","23:15","A23"
"375","23:23","A23"
"376","23:24","A23"
"377","23:25","A23"
"378","23:28","A23"
"379","23:29","A23"
"380","23:30","A23"
"381","23:31","A23"
"382","23:40","A23"
"383","24:02","A24"
"384","24:03","A2403"
"385","24:04","A24"
"386","24:05","A24"
"387","24:06","A24"
"388","24:07","A24"
"389","24:08","A24"
"390","24:10","A2403"
"391","24:100","A24"
"392","24:101","A24"
"393","24:102","A24"
"394","24:103","A24"
"395","24:104","A24"
"396","24:105","A24"
"397","24:106","A24"
"398","24:107","A24"
"399","24:108","A24"
"400","24:109","A24"
"401","24:110","A24"
"402","24:112","A24"
"403","24:113","A24"
"404","24:114","A24"
"405","24:118","A24"
"406","24:121","A24"
"407","24:122","A24"
"408","24:123","A24"
"409","24:125","A24"
"410","24:13","A24"
"411","24:130","A24"
"412","24:131","A24"
"413","24:134","A24"
"414","24:138","A24"
"415","24:14","A24"
"416","24:15","A24"
"417","24:159","A24"
"418","24:162","A24"
"419","24:167","A24"
"420","24:168","A24"
"421","24:17","A24"
"422","24:170","A24"
"423","24:171","A24"
"424","24:172","A24"
"425","24:173","A24"
"426","24:174","A24"
"427","24:175","A24"
"428","24:176","A24"
"429","24:177","A24"
"430","24:18","A24"
"431","24:19","A9"
"432","24:20","A24"
"433","24:21","A24"
"434","24:22","A9"
"435","24:23","A2403"
"436","24:24","A24"
"437","24:25","A24"
"438","24:26","A24"
"439","24:27","A24"
"440","24:28","A24"
"441","24:29","A24"
"442","24:30","A24"
"443","24:31","A24"
"444","24:32","A24"
"445","24:34","A24"
"446","24:35","A24"
"447","24:37","A24"
"448","24:38","A24"
"449","24:39","A24"
"450","24:41","A24"
"451","24:42","A24"
"452","24:43","A24"
"453","24:46","A24"
"454","24:47","A24"
"455","24:49","A24"
"456","24:50","A24"
"457","24:51","A24"
"458","24:52","A24"
"459","24:53","A24"
"460","24:55","A24"
"461","24:56","A24"
"462","24:57","A24"
"463","24:58","A24"
"464","24:59","A24"
"465","24:62","A24"
"466","24:64","A24"
"467","24:68","A24"
"468","24:69","A24"
"469","24:70","A24"
"470","24:71","A24"
"471","24:72","A24"
"472","24:73","A24"
"473","24:74","A24"
"474","24:77","A24"
"475","24:80","A24"
"476","24:81","A24"
"477","24:82","A24"
"478","24:88","A24"
"479","24:92","A24"
"480","24:93","A24"
"481","24:94","A24"
"482","24:95","A24"
"483","24:97","A24"
"484","25:01","A25"
"485","25:02","A25"
"486","25:03","A25"
"487","25:04","A25"
"488","25:06","A25"
"489","25:08","A25"
"490","25:10","A25"
"491","25:11","A25"
"492","25:13","A25"
"493","26:01","A26"
"494","26:02","A26"
"495","26:03","A26"
"496","26:05","A26"
"497","26:06","A26"
"498","26:07","A26"
"499","26:08","A26"
"500","26:09","A26"
"501","26:10","A10"
"502","26:12","A26"
"503","26:13","A26"
"504","26:14","A26"
"505","26:15","A10"
"506","26:16","A26"
"507","26:17","A26"
"508","26:18","A26"
"509","26:19","A26"
"510","26:20","A26"
"511","26:21","A26"
"512","26:23","A26"
"513","26:27","A26"
"514","26:28","A26"
"515","26:30","A26"
"516","26:31","A26"
"517","26:32","A26"
"518","26:33","A26"
"519","26:34","A26"
"520","26:35","A26"
"521","26:36","A26"
"522","26:37","A26"
"523","26:38","A26"
"524","26:39","A26"
"525","26:40","A26"
"526","26:41","A26"
"527","26:42","A26"
"528","26:43","A26"
"529","26:45","A26"
"530","26:52","A26"
"531","26:54","A26"
"532","26:62","A26"
"533","26:64","A26"
"534","26:67","A26"
"535","29:01","A29"
"536","29:02","A29"
"537","29:03","A29"
"538","29:04","A29"
"539","29:05","A29"
"540","29:07","A29"
"541","29:09","A29"
"542","29:10","A29"
"543","29:11","A29"
"544","29:12","A29"
"545","29:13","A29"
"546","29:14","A29"
"547","29:15","A29"
"548","29:16","A29"
"549","29:17","A29"
"550","29:18","A29"
"551","29:19","A29"
"552","29:20","A29"
"553","29:21","A29"
"554","29:22","A29"
"555","30:01","A30"
"556","30:02","A30"
"557","30:03","A30"
"558","30:04","A30"
"559","30:07","A30"
"560","30:08","A30"
"561","30:09","A30"
"562","30:10","A30"
"563","30:11","A30"
"564","30:12","A30"
"565","30:13","A30"
"566","30:14","A30"
"567","30:15","A30"
"568","30:16","A30"
"569","30:17","A30"
"570","30:18","A30"
"571","30:20","A30"
"572","30:22","A30"
"573","30:23","A30"
"574","30:25","A30"
"575","30:26","A30"
"576","30:28","A30"
"577","30:29","A30"
"578","30:30","A30"
"579","30:31","A30"
"580","30:32","A30"
"581","30:35","A30"
"582","30:36","A30"
"583","30:40","A30"
"584","30:44","A30"
"585","30:46","A30"
"586","30:47","A30"
"587","30:51","A30"
"588","31:01","A31"
"589","31:02","A31"
"590","31:03","A31"
"591","31:04","A31"
"592","31:05","A31"
"593","31:06","A31"
"594","31:07","A31"
"595","31:08","A31"
"596","31:09","A31"
"597","31:10","A31"
"598","31:11","A31"
"599","31:12","A31"
"600","31:13","A31"
"601","31:15","A31"
"602","31:16","A31"
"603","31:17","A31"
"604","31:18","A31"
"605","31:20","A31"
"606","31:21","A31"
"607","31:24","A31"
"608","31:26","A31"
"609","31:27","A31"
"610","31:28","A31"
"611","31:32","A31"
"612","31:36","A31"
"613","31:40","A31"
"614","31:41","A31"
"615","31:42","A31"
"616","32:01","A32"
"617","32:02","A32"
"618","32:03","A32"
"619","32:04","A3"
"620","32:05","A32"
"621","32:06","A32"
"622","32:07","A32"
"623","32:08","A32"
"624","32:09","A32"
"625","32:11","A32"
"626","32:15","A32"
"627","32:16","A32"
"628","32:17","A32"
"629","32:18","A32"
"630","32:20","A32"
"631","32:21","A32"
"632","32:22","A32"
"633","32:23","A32"
"634","32:25","A32"
"635","32:26","A32"
"636","33:01","A33"
"637","33:03","A33"
"638","33:04","A33"
"639","33:05","A33"
"640","33:06","A33"
"641","33:07","A33"
"642","33:08","A33"
"643","33:09","A19"
"644","33:10","A33"
"645","33:11","A33"
"646","33:12","A33"
"647","33:13","A33"
"648","33:17","A33"
"649","33:19","A33"
"650","33:21","A33"
"651","33:24","A33"
"652","33:26","A33"
"653","33:27","A33"
"654","33:28","A33"
"655","33:43","A33"
"656","34:01","A34"
"657","34:02","A34"
"658","34:03","A34"
"659","34:04","A34"
"660","34:05","A34"
"661","34:06","A34"
"662","34:07","A34"
"663","34:08","A34"
"664","34:09","A34"
"665","36:01","A36"
"666","36:02","A36"
"667","36:03","A36"
"668","36:04","A36"
"669","36:05","A36"
"670","43:01","A43"
"671","66:01","A6601"
"672","66:02","A6602"
"673","66:03","A10"
"674","66:04","A66"
"675","66:05","A66"
"676","66:06","A66"
"677","66:07","A66"
"678","66:09","A66"
"679","66:11","A66"
"680","66:12","A66"
"681","66:13","A66"
"682","66:14","A66"
"683","68:01","A68"
"684","68:02","A68"
"685","68:03","A68"
"686","68:04","A68"
"687","68:05","A68"
"688","68:06","A68"
"689","68:07","A68"
"690","68:08","A68"
"691","68:09","A68"
"692","68:10","A28"
"693","68:12","A28"
"694","68:13","A68"
"695","68:14","A68"
"696","68:15","A68"
"697","68:16","A68"
"698","68:17","A28"
"699","68:19","A68"
"700","68:20","A68"
"701","68:21","A68"
"702","68:22","A68"
"703","68:23","A68"
"704","68:24","A68"
"705","68:25","A68"
"706","68:26","A28"
"707","68:27","A68"
"708","68:28","A68"
"709","68:29","A68"
"710","68:30","A68"
"711","68:31","A68"
"712","68:32","A68"
"713","68:34","A68"
"714","68:35","A68"
"715","68:36","A68"
"716","68:37","A68"
"717","68:38","A68"
"718","68:39","A68"
"719","68:40","A68"
"720","68:41","A68"
"721","68:42","A68"
"722","68:44","A68"
"723","68:45","A68"
"724","68:46","A68"
"725","68:48","A68"
"726","68:53","A68"
"727","68:54","A68"
"728","68:57","A68"
"729","68:61","A68"
"730","68:65","A68"
"731","68:67","A68"
"732","68:68","A68"
"733","68:72","A68"
"734","68:73","A68"
"735","68:75","A68"
"736","68:77","A68"
"737","69:01","A69"
"738","74:01","A74"
"739","74:03","A74"
"740","74:04","A74"
"741","74:05","A74"
"742","74:06","A74"
"743","74:07","A74"
"744","74:08","A74"
"745","74:09","A74"
"746","74:10","A74"
"747","74:11","A74"
"748","74:13","A74"
"749","74:15","A74"
"750","80:01","A80"
"751","80:02","A80"
"752","07:02","B7"
"753","07:03","B703"
"754","07:04","B7"
"755","07:05","B7"
"756","07:07","B7"
"757","07:08","B7"
"758","07:09","B7"
"759","07:10","B7"
"760","07:102","B7"
"761","07:103","B7"
"762","07:106","B7"
"763","07:107","B7"
"764","07:110","B7"
"765","07:112","B7"
"766","07:113","B7"
"767","07:114","B7"
"768","07:115","B7"
"769","07:116","B7"
"770","07:117","B7"
"771","07:118","B7"
"772","07:12","B7"
"773","07:122","B7"
"774","07:124","B7"
"775","07:13","B7"
"776","07:14","B7"
"777","07:15","B7"
"778","07:16","B7"
"779","07:17","B7"
"780","07:18","B7"
"781","07:19","B7"
"782","07:20","B7"
"783","07:21","B7"
"784","07:22","B7"
"785","07:23","B7"
"786","07:24","B7"
"787","07:26","B7"
"788","07:28","B7"
"789","07:29","B7"
"790","07:30","B7"
"791","07:31","B7"
"792","07:33","B7"
"793","07:35","B7"
"794","07:36","B7"
"795","07:37","B7"
"796","07:38","B7"
"797","07:39","B7"
"798","07:40","B7"
"799","07:42","B7"
"800","07:43","B7"
"801","07:45","B7"
"802","07:46","B7"
"803","07:47","B7"
"804","07:48","B7"
"805","07:51","B7"
"806","07:52","B7"
"807","07:53","B7"
"808","07:54","B7"
"809","07:55","B7"
"810","07:57","B7"
"811","07:62","B7"
"812","07:63","B7"
"813","07:64","B7"
"814","07:66","B7"
"815","07:68","B7"
"816","07:70","B7"
"817","07:71","B7"
"818","07:72","B7"
"819","07:73","B7"
"820","07:74","B7"
"821","07:75","B7"
"822","07:77","B7"
"823","07:80","B7"
"824","07:81","B7"
"825","07:83","B7"
"826","07:84","B7"
"827","07:85","B7"
"828","07:86","B7"
"829","07:87","B7"
"830","07:88","B7"
"831","07:89","B7"
"832","07:90","B7"
"833","07:91","B7"
"834","07:92","B7"
"835","07:95","B7"
"836","07:96","B7"
"837","07:98","B7"
"838","07:99","B7"
"839","08:01","B8"
"840","08:02","B8"
"841","08:03","B8"
"842","08:04","B0804"
"843","08:05","B8"
"844","08:07","B8"
"845","08:09","B8"
"846","08:10","B8"
"847","08:11","B8"
"848","08:12","B8"
"849","08:13","B8"
"850","08:14","B8"
"851","08:15","B8"
"852","08:16","B8"
"853","08:17","B8"
"854","08:18","B8"
"855","08:20","B8"
"856","08:21","B8"
"857","08:22","B8"
"858","08:23","B8"
"859","08:24","B8"
"860","08:25","B8"
"861","08:26","B8"
"862","08:27","B8"
"863","08:28","B8"
"864","08:29","B8"
"865","08:31","B8"
"866","08:32","B8"
"867","08:33","B8"
"868","08:34","B8"
"869","08:35","B8"
"870","08:36","B8"
"871","08:37","B8"
"872","08:38","B8"
"873","08:39","B8"
"874","08:41","B8"
"875","08:42","B8"
"876","08:43","B8"
"877","08:44","B8"
"878","08:46","B8"
"879","08:47","B8"
"880","08:50","B8"
"881","08:52","B8"
"882","08:53","B8"
"883","08:55","B8"
"884","08:56","B8"
"885","08:61","B8"
"886","08:62","B8"
"887","08:66","B8"
"888","08:68","B8"
"889","13:01","B13"
"890","13:02","B13"
"891","13:03","B13"
"892","13:04","B1304"
"893","13:06","B13"
"894","13:08","B13"
"895","13:09","B13"
"896","13:10","B13"
"897","13:11","B13"
"898","13:12","B13"
"899","13:14","B13"
"900","13:16","B13"
"901","13:18","B13"
"902","13:19","B13"
"903","13:20","B13"
"904","13:21","B13"
"905","13:27","B13"
"906","13:29","B13"
"907","13:30","B13"
"908","13:32","B13"
"909","13:33","B13"
"910","13:34","B13"
"911","13:37","B13"
"912","13:43","B13"
"913","14:01","B64"
"914","14:02","B65"
"915","14:03","B14"
"916","14:04","B14"
"917","14:05","B14"
"918","14:06","B14"
"919","14:08","B14"
"920","14:09","B14"
"921","14:10","B14"
"922","14:11","B14"
"923","14:12","B14"
"924","14:13","B14"
"925","14:15","B14"
"926","14:16","B14"
"927","14:21","B14"
"928","15:01","B62"
"929","15:02","B75"
"930","15:03","B72"
"931","15:04","B62"
"932","15:05","B62"
"933","15:06","B62"
"934","15:07","B62"
"935","15:08","B75"
"936","15:09","B70"
"937","15:10","B71"
"938","15:101","B15"
"939","15:105","B15"
"940","15:106","B15"
"941","15:107","B62"
"942","15:108","B71"
"943","15:109","B15"
"944","15:11","B75"
"945","15:110","B15"
"946","15:113","B15"
"947","15:114","B70"
"948","15:117","B15"
"949","15:118","B15"
"950","15:12","B76"
"951","15:122","B15"
"952","15:123","B15"
"953","15:124","B15"
"954","15:125","B15"
"955","15:126","B15"
"956","15:128","B15"
"957","15:129","B15"
"958","15:13","B77"
"959","15:131","B15"
"960","15:132","B15"
"961","15:133","B15"
"962","15:134","B15"
"963","15:135","B15"
"964","15:136","B15"
"965","15:137","B15"
"966","15:138","B15"
"967","15:139","B15"
"968","15:14","B76"
"969","15:141","B15"
"970","15:142","B15"
"971","15:143","B15"
"972","15:145","B15"
"973","15:147","B15"
"974","15:148","B15"
"975","15:15","B62"
"976","15:150","B15"
"977","15:152","B15"
"978","15:153","B15"
"979","15:154","B15"
"980","15:156","B15"
"981","15:157","B15"
"982","15:158","B15"
"983","15:159","B15"
"984","15:16","B63"
"985","15:160","B15"
"986","15:161","B15"
"987","15:162","B15"
"988","15:164","B15"
"989","15:165","B15"
"990","15:166","B15"
"991","15:167","B15"
"992","15:168","B15"
"993","15:17","B63"
"994","15:170","B15"
"995","15:171","B15"
"996","15:172","B15"
"997","15:173","B15"
"998","15:174","B15"
"999","15:175","B15"
"1000","15:176","B15"
"1001","15:177","B15"
"1002","15:178","B15"
"1003","15:18","B71"
"1004","15:184","B15"
"1005","15:185","B15"
"1006","15:188","B15"
"1007","15:191","B15"
"1008","15:195","B15"
"1009","15:20","B62"
"1010","15:202","B15"
"1011","15:204","B15"
"1012","15:21","B75"
"1013","15:211","B15"
"1014","15:212","B15"
"1015","15:219","B15"
"1016","15:222","B15"
"1017","15:223","B15"
"1018","15:224","B15"
"1019","15:23","B51"
"1020","15:24","B62"
"1021","15:25","B62"
"1022","15:27","B62"
"1023","15:28","B62"
"1024","15:29","B70"
"1025","15:30","B62"
"1026","15:31","B75"
"1027","15:32","B62"
"1028","15:33","B15"
"1029","15:34","B62"
"1030","15:35","B62"
"1031","15:36","B13"
"1032","15:37","B70"
"1033","15:38","B15"
"1034","15:39","B62"
"1035","15:40","B15"
"1036","15:42","B15"
"1037","15:43","B15"
"1038","15:44","B75"
"1039","15:45","B62"
"1040","15:46","B50"
"1041","15:47","B15"
"1042","15:48","B62"
"1043","15:49","B72"
"1044","15:50","B62"
"1045","15:51","B70"
"1046","15:52","B15"
"1047","15:53","B15"
"1048","15:54","B72"
"1049","15:55","B15"
"1050","15:56","B62"
"1051","15:58","B62"
"1052","15:61","B72"
"1053","15:62","B15"
"1054","15:63","B62"
"1055","15:64","B15"
"1056","15:65","B62"
"1057","15:66","B62"
"1058","15:67","B63"
"1059","15:68","B35"
"1060","15:69","B72"
"1061","15:70","B62"
"1062","15:71","B62"
"1063","15:73","B62"
"1064","15:74","B72"
"1065","15:75","B62"
"1066","15:76","B15"
"1067","15:78","B15"
"1068","15:80","B70"
"1069","15:82","B62"
"1070","15:83","B62"
"1071","15:85","B62"
"1072","15:86","B15"
"1073","15:87","B15"
"1074","15:88","B75"
"1075","15:89","B77"
"1076","15:92","B62"
"1077","15:93","B71"
"1078","15:95","B63"
"1079","15:96","B62"
"1080","15:98","B72"
"1081","15:99","B71"
"1082","18:01","B18"
"1083","18:02","B18"
"1084","18:03","B18"
"1085","18:04","B18"
"1086","18:05","B18"
"1087","18:06","B18"
"1088","18:07","B18"
"1089","18:08","B18"
"1090","18:09","B18"
"1091","18:10","B18"
"1092","18:11","B18"
"1093","18:12","B18"
"1094","18:13","B18"
"1095","18:14","B18"
"1096","18:15","B18"
"1097","18:18","B18"
"1098","18:19","B18"
"1099","18:20","B18"
"1100","18:22","B18"
"1101","18:25","B18"
"1102","18:26","B18"
"1103","18:27","B18"
"1104","18:28","B18"
"1105","18:29","B18"
"1106","18:30","B18"
"1107","18:31","B18"
"1108","18:32","B18"
"1109","18:33","B18"
"1110","18:34","B18"
"1111","18:35","B18"
"1112","18:36","B18"
"1113","18:37","B18"
"1114","18:40","B18"
"1115","18:44","B18"
"1116","18:54","B18"
"1117","18:60","B18"
"1118","18:61","B18"
"1119","27:01","B27"
"1120","27:02","B27"
"1121","27:03","B27"
"1122","27:04","B27"
"1123","27:05","B27"
"1124","27:06","B27"
"1125","27:07","B27"
"1126","27:08","B2708"
"1127","27:09","B27"
"1128","27:10","B27"
"1129","27:11","B27"
"1130","27:12","B27"
"1131","27:14","B27"
"1132","27:15","B27"
"1133","27:16","B27"
"1134","27:17","B27"
"1135","27:18","B27"
"1136","27:19","B27"
"1137","27:20","B27"
"1138","27:21","B27"
"1139","27:23","B27"
"1140","27:24","B27"
"1141","27:25","B27"
"1142","27:26","B27"
"1143","27:27","B27"
"1144","27:28","B27"
"1145","27:30","B27"
"1146","27:31","B27"
"1147","27:32","B27"
"1148","27:34","B27"
"1149","27:35","B27"
"1150","27:36","B27"
"1151","27:37","B27"
"1152","27:39","B27"
"1153","27:40","B27"
"1154","27:41","B27"
"1155","27:42","B27"
"1156","27:43","B27"
"1157","27:46","B27"
"1158","27:47","B27"
"1159","27:48","B27"
"1160","27:49","B27"
"1161","27:51","B27"
"1162","27:53","B27"
"1163","27:54","B27"
"1164","27:55","B27"
"1165","27:56","B27"
"1166","27:57","B27"
"1167","27:58","B27"
"1168","27:63","B27"
"1169","27:75","B27"
"1170","27:78","B27"
"1171","27:79","B27"
"1172","35:01","B35"
"1173","35:02","B35"
"1174","35:03","B35"
"1175","35:04","B35"
"1176","35:05","B35"
"1177","35:06","B35"
"1178","35:08","B35"
"1179","35:09","B35"
"1180","35:10","B35"
"1181","35:100","B35"
"1182","35:101","B35"
"1183","35:102","B35"
"1184","35:103","B35"
"1185","35:104","B35"
"1186","35:105","B35"
"1187","35:106","B35"
"1188","35:107","B35"
"1189","35:108","B35"
"1190","35:109","B35"
"1191","35:11","B35"
"1192","35:112","B35"
"1193","35:113","B35"
"1194","35:115","B35"
"1195","35:117","B35"
"1196","35:118","B35"
"1197","35:12","B35"
"1198","35:121","B35"
"1199","35:124","B35"
"1200","35:125","B35"
"1201","35:13","B35"
"1202","35:132","B35"
"1203","35:133","B35"
"1204","35:135","B35"
"1205","35:136","B35"
"1206","35:14","B35"
"1207","35:141","B35"
"1208","35:148","B35"
"1209","35:149","B35"
"1210","35:15","B35"
"1211","35:150","B35"
"1212","35:151","B35"
"1213","35:152","B35"
"1214","35:153","B35"
"1215","35:154","B35"
"1216","35:155","B35"
"1217","35:156","B35"
"1218","35:157","B35"
"1219","35:158","B35"
"1220","35:159","B35"
"1221","35:16","B35"
"1222","35:162","B35"
"1223","35:17","B35"
"1224","35:18","B35"
"1225","35:19","B35"
"1226","35:20","B35"
"1227","35:21","B35"
"1228","35:22","B35"
"1229","35:23","B35"
"1230","35:24","B35"
"1231","35:25","B35"
"1232","35:26","B35"
"1233","35:27","B35"
"1234","35:28","B35"
"1235","35:29","B35"
"1236","35:30","B35"
"1237","35:31","B35"
"1238","35:32","B35"
"1239","35:33","B35"
"1240","35:34","B35"
"1241","35:36","B35"
"1242","35:37","B35"
"1243","35:38","B35"
"1244","35:39","B35"
"1245","35:41","B35"
"1246","35:43","B35"
"1247","35:44","B35"
"1248","35:45","B35"
"1249","35:47","B35"
"1250","35:48","B35"
"1251","35:49","B35"
"1252","35:50","B35"
"1253","35:51","B35"
"1254","35:52","B35"
"1255","35:55","B35"
"1256","35:58","B35"
"1257","35:59","B35"
"1258","35:61","B35"
"1259","35:63","B35"
"1260","35:65","B35"
"1261","35:66","B35"
"1262","35:68","B35"
"1263","35:69","B35"
"1264","35:71","B35"
"1265","35:72","B35"
"1266","35:74","B35"
"1267","35:75","B35"
"1268","35:76","B35"
"1269","35:77","B35"
"1270","35:78","B35"
"1271","35:80","B35"
"1272","35:81","B35"
"1273","35:82","B35"
"1274","35:83","B35"
"1275","35:84","B35"
"1276","35:85","B35"
"1277","35:88","B35"
"1278","35:92","B35"
"1279","35:93","B35"
"1280","35:95","B35"
"1281","35:96","B35"
"1282","35:98","B35"
"1283","35:99","B35"
"1284","37:01","B37"
"1285","37:02","B37"
"1286","37:04","B37"
"1287","37:05","B37"
"1288","37:06","B37"
"1289","37:07","B37"
"1290","37:08","B37"
"1291","37:09","B37"
"1292","37:10","B37"
"1293","37:11","B37"
"1294","37:14","B37"
"1295","37:15","B37"
"1296","37:17","B37"
"1297","37:19","B37"
"1298","37:21","B37"
"1299","37:22","B37"
"1300","38:01","B38"
"1301","38:02","B38"
"1302","38:03","B16"
"1303","38:04","B38"
"1304","38:05","B38"
"1305","38:06","B38"
"1306","38:07","B38"
"1307","38:09","B16"
"1308","38:10","B38"
"1309","38:11","B38"
"1310","38:12","B38"
"1311","38:13","B38"
"1312","38:14","B38"
"1313","38:15","B38"
"1314","38:19","B38"
"1315","38:20","B38"
"1316","39:01","B3901"
"1317","39:02","B3902"
"1318","39:03","B39"
"1319","39:04","B39"
"1320","39:05","B3905"
"1321","39:06","B39"
"1322","39:07","B39"
"1323","39:08","B39"
"1324","39:09","B39"
"1325","39:10","B39"
"1326","39:11","B39"
"1327","39:12","B39"
"1328","39:13","B39"
"1329","39:14","B39"
"1330","39:15","B39"
"1331","39:16","B39"
"1332","39:18","B39"
"1333","39:19","B39"
"1334","39:20","B39"
"1335","39:22","B39"
"1336","39:23","B39"
"1337","39:24","B39"
"1338","39:26","B39"
"1339","39:27","B39"
"1340","39:28","B39"
"1341","39:29","B39"
"1342","39:31","B39"
"1343","39:33","B39"
"1344","39:34","B39"
"1345","39:35","B39"
"1346","39:36","B39"
"1347","39:37","B39"
"1348","39:38","B39"
"1349","39:39","B39"
"1350","39:47","B39"
"1351","39:49","B39"
"1352","39:51","B39"
"1353","39:52","B39"
"1354","39:53","B39"
"1355","39:54","B39"
"1356","39:63","B39"
"1357","40:01","B60"
"1358","40:02","B61"
"1359","40:03","B61"
"1360","40:04","B61"
"1361","40:05","B4005"
"1362","40:06","B61"
"1363","40:07","B60"
"1364","40:08","B61"
"1365","40:09","B61"
"1366","40:10","B60"
"1367","40:100","B40"
"1368","40:105","B40"
"1369","40:106","B40"
"1370","40:107","B40"
"1371","40:11","B61"
"1372","40:110","B40"
"1373","40:111","B40"
"1374","40:113","B40"
"1375","40:114","B40"
"1376","40:115","B40"
"1377","40:117","B40"
"1378","40:119","B40"
"1379","40:12","B48"
"1380","40:120","B40"
"1381","40:121","B40"
"1382","40:122","B40"
"1383","40:123","B40"
"1384","40:124","B40"
"1385","40:125","B40"
"1386","40:126","B40"
"1387","40:127","B40"
"1388","40:128","B40"
"1389","40:129","B40"
"1390","40:13","B40"
"1391","40:130","B40"
"1392","40:134","B40"
"1393","40:135","B40"
"1394","40:136","B40"
"1395","40:137","B40"
"1396","40:14","B60"
"1397","40:140","B40"
"1398","40:143","B40"
"1399","40:146","B40"
"1400","40:148","B40"
"1401","40:15","B40"
"1402","40:153","B40"
"1403","40:157","B40"
"1404","40:158","B40"
"1405","40:159","B40"
"1406","40:16","B61"
"1407","40:162","B40"
"1408","40:18","B61"
"1409","40:19","B47"
"1410","40:20","B61"
"1411","40:21","B40"
"1412","40:23","B40"
"1413","40:24","B40"
"1414","40:25","B40"
"1415","40:26","B21"
"1416","40:27","B61"
"1417","40:28","B40"
"1418","40:29","B61"
"1419","40:30","B40"
"1420","40:31","B60"
"1421","40:32","B40"
"1422","40:33","B40"
"1423","40:34","B60"
"1424","40:35","B61"
"1425","40:36","B40"
"1426","40:37","B40"
"1427","40:38","B40"
"1428","40:40","B40"
"1429","40:42","B40"
"1430","40:43","B40"
"1431","40:44","B40"
"1432","40:45","B40"
"1433","40:46","B40"
"1434","40:47","B40"
"1435","40:48","B60"
"1436","40:49","B40"
"1437","40:50","B61"
"1438","40:52","B60"
"1439","40:54","B60"
"1440","40:59","B40"
"1441","40:60","B40"
"1442","40:63","B40"
"1443","40:64","B40"
"1444","40:65","B40"
"1445","40:67","B40"
"1446","40:69","B40"
"1447","40:72","B40"
"1448","40:73","B40"
"1449","40:74","B40"
"1450","40:76","B40"
"1451","40:78","B40"
"1452","40:79","B40"
"1453","40:80","B40"
"1454","40:83","B40"
"1455","40:87","B40"
"1456","40:89","B40"
"1457","40:90","B40"
"1458","40:94","B40"
"1459","40:95","B40"
"1460","40:99","B40"
"1461","41:01","B41"
"1462","41:02","B41"
"1463","41:03","B41"
"1464","41:04","B41"
"1465","41:05","B41"
"1466","41:06","B41"
"1467","41:07","B41"
"1468","41:09","B41"
"1469","41:10","B41"
"1470","41:11","B41"
"1471","41:14","B41"
"1472","41:15","B41"
"1473","41:16","B41"
"1474","42:01","B42"
"1475","42:02","B42"
"1476","42:04","B42"
"1477","42:05","B42"
"1478","42:06","B42"
"1479","42:07","B42"
"1480","42:08","B42"
"1481","42:09","B42"
"1482","42:10","B42"
"1483","42:13","B42"
"1484","44:02","B44"
"1485","44:03","B44"
"1486","44:04","B44"
"1487","44:05","B44"
"1488","44:06","B44"
"1489","44:07","B44"
"1490","44:08","B44"
"1491","44:09","B45"
"1492","44:10","B44"
"1493","44:100","B44"
"1494","44:101","B44"
"1495","44:102","B44"
"1496","44:103","B44"
"1497","44:104","B44"
"1498","44:105","B44"
"1499","44:106","B44"
"1500","44:107","B44"
"1501","44:109","B44"
"1502","44:11","B44"
"1503","44:111","B44"
"1504","44:114","B44"
"1505","44:12","B44"
"1506","44:120","B44"
"1507","44:121","B44"
"1508","44:126","B44"
"1509","44:13","B44"
"1510","44:14","B44"
"1511","44:15","B12"
"1512","44:17","B44"
"1513","44:18","B44"
"1514","44:20","B44"
"1515","44:21","B44"
"1516","44:22","B44"
"1517","44:24","B44"
"1518","44:25","B44"
"1519","44:28","B44"
"1520","44:29","B44"
"1521","44:30","B44"
"1522","44:31","B44"
"1523","44:32","B44"
"1524","44:34","B44"
"1525","44:36","B44"
"1526","44:37","B44"
"1527","44:40","B44"
"1528","44:41","B44"
"1529","44:42","B21"
"1530","44:43","B44"
"1531","44:45","B44"
"1532","44:47","B44"
"1533","44:48","B44"
"1534","44:49","B44"
"1535","44:50","B44"
"1536","44:51","B44"
"1537","44:53","B44"
"1538","44:54","B44"
"1539","44:55","B44"
"1540","44:57","B44"
"1541","44:59","B44"
"1542","44:60","B44"
"1543","44:62","B44"
"1544","44:63","B44"
"1545","44:64","B44"
"1546","44:65","B44"
"1547","44:67","B44"
"1548","44:68","B44"
"1549","44:73","B44"
"1550","44:74","B44"
"1551","44:75","B44"
"1552","44:76","B44"
"1553","44:79","B44"
"1554","44:82","B44"
"1555","44:83","B44"
"1556","44:84","B44"
"1557","44:86","B44"
"1558","44:87","B44"
"1559","44:88","B44"
"1560","44:89","B44"
"1561","44:90","B44"
"1562","44:92","B44"
"1563","44:95","B44"
"1564","44:96","B44"
"1565","44:99","B44"
"1566","45:01","B45"
"1567","45:02","B45"
"1568","45:03","B45"
"1569","45:04","B45"
"1570","45:06","B45"
"1571","45:08","B45"
"1572","45:09","B45"
"1573","45:10","B45"
"1574","46:01","B46"
"1575","46:02","B46"
"1576","46:08","B46"
"1577","46:11","B46"
"1578","46:13","B46"
"1579","46:20","B46"
"1580","46:21","B46"
"1581","46:22","B46"
"1582","46:23","B46"
"1583","46:27","B46"
"1584","47:01","B47"
"1585","47:02","B60"
"1586","47:03","B47"
"1587","47:04","B47"
"1588","47:05","B47"
"1589","47:06","B47"
"1590","47:07","B47"
"1591","48:01","B48"
"1592","48:02","B48"
"1593","48:03","B48"
"1594","48:04","B48"
"1595","48:05","B48"
"1596","48:06","B48"
"1597","48:07","B48"
"1598","48:10","B48"
"1599","48:12","B48"
"1600","48:13","B48"
"1601","48:14","B48"
"1602","48:15","B48"
"1603","48:16","B48"
"1604","48:24","B48"
"1605","49:01","B49"
"1606","49:02","B49"
"1607","49:03","B49"
"1608","49:05","B49"
"1609","49:06","B49"
"1610","49:10","B49"
"1611","50:01","B50"
"1612","50:02","B45"
"1613","50:04","B50"
"1614","50:05","B50"
"1615","50:06","B50"
"1616","50:07","B50"
"1617","50:08","B50"
"1618","50:09","B50"
"1619","51:01","B51"
"1620","51:02","B5102"
"1621","51:03","B5103"
"1622","51:04","B51"
"1623","51:05","B51"
"1624","51:06","B51"
"1625","51:07","B51"
"1626","51:08","B51"
"1627","51:09","B51"
"1628","51:10","B51"
"1629","51:100","B51"
"1630","51:101","B51"
"1631","51:102","B51"
"1632","51:103","B51"
"1633","51:104","B51"
"1634","51:105","B51"
"1635","51:106","B51"
"1636","51:107","B51"
"1637","51:108","B51"
"1638","51:109","B51"
"1639","51:13","B51"
"1640","51:14","B51"
"1641","51:15","B51"
"1642","51:16","B5"
"1643","51:17","B51"
"1644","51:19","B51"
"1645","51:20","B51"
"1646","51:21","B51"
"1647","51:22","B51"
"1648","51:23","B51"
"1649","51:24","B51"
"1650","51:26","B51"
"1651","51:29","B51"
"1652","51:31","B51"
"1653","51:33","B51"
"1654","51:34","B51"
"1655","51:36","B51"
"1656","51:37","B51"
"1657","51:38","B51"
"1658","51:39","B51"
"1659","51:40","B51"
"1660","51:42","B44"
"1661","51:43","B51"
"1662","51:46","B51"
"1663","51:49","B51"
"1664","51:50","B51"
"1665","51:52","B51"
"1666","51:53","B51"
"1667","51:54","B51"
"1668","51:55","B51"
"1669","51:56","B51"
"1670","51:61","B51"
"1671","51:63","B51"
"1672","51:64","B51"
"1673","51:65","B51"
"1674","51:66","B51"
"1675","51:67","B51"
"1676","51:68","B51"
"1677","51:69","B51"
"1678","51:70","B51"
"1679","51:72","B51"
"1680","51:73","B51"
"1681","51:74","B51"
"1682","51:75","B51"
"1683","51:76","B51"
"1684","51:77","B51"
"1685","51:79","B51"
"1686","51:81","B51"
"1687","51:82","B51"
"1688","51:83","B51"
"1689","51:87","B51"
"1690","51:88","B51"
"1691","51:89","B51"
"1692","51:90","B51"
"1693","51:91","B51"
"1694","51:92","B51"
"1695","51:93","B51"
"1696","51:95","B51"
"1697","51:97","B51"
"1698","52:01","B52"
"1699","52:02","B52"
"1700","52:03","B52"
"1701","52:04","B52"
"1702","52:05","B52"
"1703","52:06","B52"
"1704","52:10","B52"
"1705","52:11","B52"
"1706","52:12","B52"
"1707","52:16","B52"
"1708","52:20","B52"
"1709","53:01","B53"
"1710","53:02","B53"
"1711","53:03","B53"
"1712","53:04","B53"
"1713","53:05","B53"
"1714","53:06","B53"
"1715","53:07","B53"
"1716","53:08","B53"
"1717","53:09","B53"
"1718","53:10","B53"
"1719","53:12","B53"
"1720","53:13","B53"
"1721","53:14","B53"
"1722","53:15","B53"
"1723","53:16","B53"
"1724","53:17","B53"
"1725","53:19","B53"
"1726","53:20","B53"
"1727","53:21","B53"
"1728","53:22","B53"
"1729","53:24","B53"
"1730","54:01","B54"
"1731","54:02","B54"
"1732","54:03","B54"
"1733","54:04","B54"
"1734","54:07","B54"
"1735","54:10","B54"
"1736","54:11","B54"
"1737","54:12","B54"
"1738","54:13","B54"
"1739","54:18","B54"
"1740","54:19","B54"
"1741","54:20","B54"
"1742","54:22","B54"
"1743","54:23","B54"
"1744","54:24","B54"
"1745","55:01","B55"
"1746","55:02","B55"
"1747","55:03","B55"
"1748","55:04","B55"
"1749","55:05","B22"
"1750","55:07","B54"
"1751","55:09","B22"
"1752","55:10","B55"
"1753","55:11","B55"
"1754","55:12","B22"
"1755","55:13","B55"
"1756","55:14","B55"
"1757","55:17","B55"
"1758","55:18","B55"
"1759","55:20","B55"
"1760","55:21","B55"
"1761","55:23","B55"
"1762","55:24","B55"
"1763","55:25","B55"
"1764","55:28","B55"
"1765","55:29","B55"
"1766","55:31","B55"
"1767","55:33","B55"
"1768","55:34","B55"
"1769","55:35","B55"
"1770","55:36","B55"
"1771","55:40","B55"
"1772","55:41","B55"
"1773","55:49","B55"
"1774","56:01","B56"
"1775","56:02","B56"
"1776","56:03","B22"
"1777","56:04","B56"
"1778","56:05","B56"
"1779","56:06","B78"
"1780","56:07","B56"
"1781","56:09","B56"
"1782","56:10","B55"
"1783","56:11","B56"
"1784","56:13","B56"
"1785","56:14","B56"
"1786","56:15","B56"
"1787","56:16","B56"
"1788","56:17","B56"
"1789","56:18","B56"
"1790","56:20","B56"
"1791","56:21","B56"
"1792","56:22","B56"
"1793","56:23","B56"
"1794","56:25","B56"
"1795","56:26","B56"
"1796","57:01","B57"
"1797","57:02","B57"
"1798","57:03","B57"
"1799","57:04","B57"
"1800","57:05","B57"
"1801","57:06","B57"
"1802","57:07","B57"
"1803","57:08","B57"
"1804","57:09","B57"
"1805","57:10","B57"
"1806","57:11","B57"
"1807","57:12","B57"
"1808","57:14","B57"
"1809","57:15","B57"
"1810","57:16","B57"
"1811","57:17","B57"
"1812","57:20","B57"
"1813","57:21","B57"
"1814","57:22","B57"
"1815","57:23","B57"
"1816","57:24","B57"
"1817","57:25","B57"
"1818","57:26","B57"
"1819","57:30","B57"
"1820","57:34","B57"
"1821","57:39","B57"
"1822","57:40","B57"
"1823","57:42","B57"
"1824","58:01","B58"
"1825","58:02","B58"
"1826","58:04","B58"
"1827","58:05","B58"
"1828","58:06","B58"
"1829","58:07","B58"
"1830","58:08","B17"
"1831","58:09","B58"
"1832","58:14","B58"
"1833","58:16","B58"
"1834","58:18","B58"
"1835","58:19","B58"
"1836","58:21","B58"
"1837","58:23","B58"
"1838","58:24","B58"
"1839","58:25","B58"
"1840","58:27","B58"
"1841","58:29","B58"
"1842","58:32","B58"
"1843","58:33","B58"
"1844","58:34","B58"
"1845","59:01","B59"
"1846","59:02","B59"
"1847","67:01","B67"
"1848","67:02","B67"
"1849","67:03","B67"
"1850","73:01","B73"
"1851","78:01","B7801"
"1852","78:02","B78"
"1853","78:03","B78"
"1854","78:04","B78"
"1855","78:05","B78"
"1856","78:06","B78"
"1857","78:07","B78"
"1858","81:01","B81"
"1859","82:01","B8201"
"1860","82:02","B82"
"1861","83:01","B45"
"1862","01:02","C1"
"1863","01:03","C1"
"1864","01:04","C1"
"1865","01:05","C1"
"1866","01:06","C1"
"1867","01:07","C1"
"1868","01:08","C1"
"1869","01:09","C1"
"1870","01:10","C1"
"1871","01:12","C1"
"1872","01:13","C1"
"1873","01:16","C1"
"1874","01:17","C1"
"1875","01:18","C1"
"1876","01:22","C1"
"1877","01:23","C1"
"1878","01:27","C1"
"1879","01:28","C1"
"1880","01:31","C1"
"1881","01:32","C1"
"1882","01:51","C1"
"1883","02:02","C2"
"1884","02:03","C2"
"1885","02:04","C2"
"1886","02:05","C2"
"1887","02:06","C2"
"1888","02:07","C2"
"1889","02:08","C2"
"1890","02:09","C2"
"1891","02:11","C2"
"1892","02:12","C2"
"1893","02:13","C2"
"1894","02:14","C2"
"1895","02:15","C2"
"1896","02:16","C2"
"1897","02:18","C2"
"1898","02:19","C2"
"1899","02:20","C2"
"1900","02:21","C2"
"1901","02:23","C2"
"1902","02:24","C2"
"1903","02:25","C2"
"1904","02:26","C2"
"1905","02:27","C2"
"1906","02:28","C2"
"1907","02:30","C2"
"1908","03:02","C10"
"1909","03:03","C9"
"1910","03:04","C10"
"1911","03:05","C3"
"1912","03:06","C10"
"1913","03:07","C3"
"1914","03:08","C3"
"1915","03:09","C3"
"1916","03:10","C3"
"1917","03:11","C3"
"1918","03:13","C3"
"1919","03:14","C3"
"1920","03:15","C3"
"1921","03:16","C3"
"1922","03:17","C3"
"1923","03:18","C3"
"1924","03:19","C3"
"1925","03:21","C3"
"1926","03:22","C3"
"1927","03:23","C3"
"1928","03:26","C10"
"1929","03:27","C3"
"1930","03:28","C10"
"1931","03:30","C3"
"1932","03:31","C3"
"1933","03:32","C3"
"1934","03:34","C3"
"1935","03:35","C3"
"1936","03:36","C3"
"1937","03:37","C3"
"1938","03:38","C3"
"1939","03:39","C3"
"1940","03:40","C3"
"1941","03:42","C3"
"1942","03:43","C3"
"1943","03:44","C3"
"1944","03:47","C3"
"1945","03:49","C3"
"1946","03:51","C3"
"1947","03:53","C3"
"1948","03:55","C3"
"1949","03:56","C3"
"1950","03:57","C3"
"1951","03:60","C3"
"1952","03:63","C3"
"1953","03:64","C3"
"1954","03:65","C3"
"1955","03:66","C3"
"1956","03:67","C3"
"1957","03:68","C3"
"1958","03:69","C3"
"1959","03:70","C3"
"1960","03:71","C3"
"1961","03:72","C3"
"1962","03:75","C3"
"1963","03:78","C3"
"1964","03:79","C3"
"1965","03:80","C3"
"1966","03:82","C3"
"1967","03:88","C3"
"1968","03:94","C3"
"1969","04:01","C4"
"1970","04:03","C4"
"1971","04:04","C4"
"1972","04:05","C4"
"1973","04:06","C4"
"1974","04:07","C4"
"1975","04:08","C4"
"1976","04:10","C4"
"1977","04:11","C4"
"1978","04:12","C4"
"1979","04:13","C4"
"1980","04:14","C4"
"1981","04:15","C4"
"1982","04:16","C4"
"1983","04:17","C4"
"1984","04:18","C4"
"1985","04:19","C4"
"1986","04:23","C4"
"1987","04:24","C4"
"1988","04:25","C4"
"1989","04:26","C4"
"1990","04:27","C4"
"1991","04:29","C4"
"1992","04:32","C4"
"1993","04:33","C4"
"1994","04:34","C4"
"1995","04:35","C4"
"1996","04:36","C4"
"1997","04:37","C4"
"1998","04:39","C4"
"1999","04:43","C4"
"2000","04:45","C4"
"2001","04:46","C4"
"2002","04:47","C4"
"2003","04:48","C4"
"2004","04:49","C4"
"2005","04:52","C4"
"2006","04:53","C4"
"2007","04:54","C4"
"2008","04:55","C4"
"2009","04:56","C4"
"2010","04:59","C4"
"2011","04:63","C4"
"2012","04:65","C4"
"2013","04:73","C4"
"2014","04:77","C4"
"2015","05:01","C5"
"2016","05:04","C5"
"2017","05:05","C5"
"2018","05:06","C5"
"2019","05:08","C5"
"2020","05:09","C5"
"2021","05:10","C5"
"2022","05:11","C5"
"2023","05:13","C5"
"2024","05:14","C5"
"2025","05:15","C5"
"2026","05:16","C5"
"2027","05:18","C5"
"2028","05:19","C5"
"2029","05:20","C5"
"2030","05:22","C5"
"2031","05:24","C5"
"2032","05:25","C5"
"2033","05:26","C5"
"2034","05:27","C5"
"2035","05:28","C5"
"2036","05:29","C5"
"2037","05:32","C5"
"2038","05:33","C5"
"2039","05:34","C5"
"2040","05:36","C5"
"2041","05:38","C5"
"2042","05:39","C5"
"2043","05:42","C5"
"2044","05:43","C5"
"2045","06:02","C6"
"2046","06:03","C6"
"2047","06:04","C6"
"2048","06:06","C6"
"2049","06:07","C6"
"2050","06:08","C6"
"2051","06:09","C6"
"2052","06:10","C6"
"2053","06:11","C6"
"2054","06:12","C6"
"2055","06:13","C6"
"2056","06:14","C6"
"2057","06:15","C6"
"2058","06:17","C6"
"2059","06:18","C6"
"2060","06:19","C6"
"2061","06:20","C6"
"2062","06:21","C6"
"2063","06:23","C6"
"2064","06:26","C6"
"2065","06:27","C6"
"2066","06:28","C6"
"2067","06:30","C6"
"2068","06:32","C6"
"2069","06:35","C6"
"2070","06:38","C6"
"2071","06:39","C6"
"2072","06:44","C6"
"2073","06:47","C6"
"2074","06:50","C6"
"2075","06:52","C6"
"2076","07:01","C7"
"2077","07:02","C7"
"2078","07:03","C7"
"2079","07:04","C7"
"2080","07:05","C7"
"2081","07:07","C7"
"2082","07:08","C7"
"2083","07:09","C7"
"2084","07:10","C7"
"2085","07:100","C7"
"2086","07:101","C7"
"2087","07:102","C7"
"2088","07:103","C7"
"2089","07:105","C7"
"2090","07:106","C7"
"2091","07:107","C7"
"2092","07:108","C7"
"2093","07:109","C7"
"2094","07:112","C7"
"2095","07:12","C7"
"2096","07:120","C7"
"2097","07:13","C7"
"2098","07:130","C7"
"2099","07:133","C7"
"2100","07:137","C7"
"2101","07:140","C7"
"2102","07:141","C7"
"2103","07:15","C7"
"2104","07:151","C7"
"2105","07:157","C7"
"2106","07:16","C7"
"2107","07:165","C7"
"2108","07:17","C7"
"2109","07:170","C7"
"2110","07:171","C7"
"2111","07:172","C7"
"2112","07:173","C7"
"2113","07:174","C7"
"2114","07:175","C7"
"2115","07:176","C7"
"2116","07:177","C7"
"2117","07:178","C7"
"2118","07:179","C7"
"2119","07:184","C7"
"2120","07:19","C7"
"2121","07:21","C7"
"2122","07:22","C7"
"2123","07:23","C7"
"2124","07:24","C7"
"2125","07:25","C7"
"2126","07:26","C7"
"2127","07:27","C7"
"2128","07:28","C7"
"2129","07:29","C7"
"2130","07:30","C7"
"2131","07:31","C7"
"2132","07:35","C7"
"2133","07:36","C7"
"2134","07:37","C7"
"2135","07:38","C7"
"2136","07:39","C7"
"2137","07:40","C7"
"2138","07:43","C7"
"2139","07:45","C7"
"2140","07:46","C7"
"2141","07:49","C7"
"2142","07:51","C7"
"2143","07:54","C7"
"2144","07:56","C7"
"2145","07:58","C7"
"2146","07:60","C7"
"2147","07:65","C7"
"2148","07:68","C7"
"2149","07:70","C7"
"2150","07:71","C7"
"2151","07:72","C7"
"2152","07:73","C7"
"2153","07:75","C7"
"2154","07:76","C7"
"2155","07:77","C7"
"2156","07:79","C7"
"2157","07:80","C7"
"2158","07:83","C7"
"2159","07:84","C7"
"2160","07:85","C7"
"2161","07:86","C7"
"2162","07:87","C7"
"2163","07:88","C7"
"2164","07:89","C7"
"2165","07:90","C7"
"2166","07:91","C7"
"2167","07:92","C7"
"2168","07:93","C7"
"2169","07:94","C7"
"2170","07:95","C7"
"2171","07:97","C7"
"2172","07:99","C7"
"2173","08:01","C8"
"2174","08:02","C8"
"2175","08:03","C8"
"2176","08:04","C8"
"2177","08:05","C8"
"2178","08:06","C8"
"2179","08:07","C8"
"2180","08:08","C8"
"2181","08:10","C8"
"2182","08:11","C8"
"2183","08:12","C8"
"2184","08:13","C8"
"2185","08:15","C8"
"2186","08:16","C8"
"2187","08:18","C8"
"2188","08:19","C8"
"2189","08:23","C8"
"2190","08:27","C8"
"2191","08:28","C8"
"2192","08:29","C8"
"2193","08:30","C8"
"2194","08:35","C8"
"2195","08:41","C8"
"2196","08:42","C8"
"2197","08:43","C8"
"2198","12:02","C12"
"2199","12:03","C12"
"2200","12:04","C12"
"2201","12:05","C12"
"2202","12:06","C12"
"2203","12:07","C12"
"2204","12:08","C12"
"2205","12:09","C12"
"2206","12:10","C12"
"2207","12:11","C12"
"2208","12:12","C12"
"2209","12:13","C12"
"2210","12:14","C7"
"2211","12:16","C12"
"2212","12:18","C12"
"2213","12:19","C12"
"2214","12:20","C12"
"2215","12:21","C12"
"2216","12:24","C12"
"2217","12:25","C12"
"2218","12:26","C12"
"2219","12:27","C12"
"2220","12:28","C12"
"2221","12:30","C12"
"2222","12:34","C12"
"2223","12:42","C12"
"2224","12:44","C12"
"2225","12:45","C12"
"2226","12:51","C12"
"2227","14:02","C1"
"2228","14:03","C1"
"2229","14:04","C14"
"2230","14:05","C1"
"2231","14:06","C14"
"2232","14:10","C14"
"2233","14:11","C14"
"2234","14:12","C14"
"2235","14:14","C14"
"2236","14:15","C14"
"2237","14:16","C14"
"2238","15:02","C15"
"2239","15:03","C15"
"2240","15:04","C15"
"2241","15:05","C15"
"2242","15:06","C15"
"2243","15:07","C3"
"2244","15:08","C15"
"2245","15:09","C15"
"2246","15:10","C15"
"2247","15:11","C15"
"2248","15:12","C15"
"2249","15:15","C15"
"2250","15:16","C15"
"2251","15:17","C15"
"2252","15:18","C15"
"2253","15:19","C15"
"2254","15:21","C3"
"2255","15:22","C15"
"2256","15:23","C15"
"2257","15:24","C15"
"2258","15:30","C15"
"2259","15:36","C15"
"2260","15:42","C15"
"2261","15:45","C15"
"2262","15:48","C15"
"2263","16:01","C16"
"2264","16:02","C16"
"2265","16:04","C16"
"2266","16:06","C16"
"2267","16:07","C16"
"2268","16:08","C16"
"2269","16:09","C16"
"2270","16:11","C16"
"2271","16:13","C16"
"2272","16:14","C16"
"2273","16:15","C16"
"2274","16:16","C16"
"2275","16:18","C16"
"2276","16:19","C16"
"2277","16:21","C16"
"2278","16:22","C16"
"2279","16:25","C16"
"2280","16:26","C16"
"2281","16:27","C16"
"2282","16:33","C16"
"2283","16:35","C16"
"2284","17:01","C7"
"2285","17:04","C17"
"2286","17:06","C17"
"2287","18:01","C6"
"2288","18:03","C18"
"2289","02:01","DQ2"
"2290","02:03","DQ2"
"2291","02:05","DQ2"
"2292","03:01","DQ7"
"2293","03:02","DQ8"
"2294","03:03","DQ9"
"2295","03:04","DQ7"
"2296","03:05","DQ8"
"2297","03:06","DQ3"
"2298","03:07","DQ3"
"2299","03:08","DQ3"
"2300","03:10","DQ8"
"2301","03:11","DQ3"
"2302","03:12","DQ3"
"2303","03:13","DQ3"
"2304","03:14","DQ3"
"2305","03:15","DQ3"
"2306","03:16","DQ3"
"2307","03:20","DQ3"
"2308","03:23","DQ3"
"2309","03:25","DQ3"
"2310","04:01","DQ4"
"2311","04:02","DQ4"
"2312","04:03","DQ4"
"2313","04:04","DQ4"
"2314","05:01","DQ5"
"2315","05:02","DQ5"
"2316","05:03","DQ5"
"2317","05:04","DQ5"
"2318","05:05","DQ5"
"2319","06:01","DQ6"
"2320","06:02","DQ6"
"2321","06:03","DQ6"
"2322","06:04","DQ6"
"2323","06:05","DQ6"
"2324","06:06","DQ6"
"2325","06:07","DQ6"
"2326","06:08","DQ6"
"2327","06:09","DQ6"
"2328","06:10","DQ6"
"2329","06:11","DQ1"
"2330","06:12","DQ1"
"2331","06:13","DQ6"
"2332","06:14","DQ6"
"2333","06:15","DQ6"
"2334","06:16","DQ6"
"2335","06:19","DQ6"
"2336","06:20","DQ6"
"2337","06:21","DQ6"
"2338","06:22","DQ6"
"2339","06:23","DQ6"
"2340","06:24","DQ6"
"2341","06:27","DQ6"
"2342","06:28","DQ6"
"2343","06:29","DQ6"
"2344","06:30","DQ6"
"2345","06:31","DQ6"
"2346","06:32","DQ6"
"2347","06:33","DQ6"
"2348","01:01","DR1"
"2349","01:02","DR1"
"2350","01:03","DR103"
"2351","01:04","DR1"
"2352","01:06","DR1"
"2353","01:07","DR1"
"2354","01:08","DR1"
"2355","01:09","DR1"
"2356","01:10","DR1"
"2357","01:11","DR1"
"2358","01:16","DR1"
"2359","01:17","DR1"
"2360","01:18","DR1"
"2361","01:19","DR1"
"2362","01:20","DR1"
"2363","01:21","DR1"
"2364","01:22","DR1"
"2365","01:23","DR1"
"2366","01:24","DR1"
"2367","01:26","DR1"
"2368","01:28","DR1"
"2369","01:30","DR1"
"2370","01:31","DR1"
"2371","03:01","DR17"
"2372","03:02","DR18"
"2373","03:03","DR18"
"2374","03:04","DR17"
"2375","03:05","DR3"
"2376","03:06","DR3"
"2377","03:07","DR3"
"2378","03:08","DR3"
"2379","03:09","DR3"
"2380","03:10","DR17"
"2381","03:11","DR17"
"2382","03:12","DR3"
"2383","03:13","DR3"
"2384","03:14","DR3"
"2385","03:15","DR3"
"2386","03:16","DR3"
"2387","03:17","DR3"
"2388","03:18","DR3"
"2389","03:19","DR3"
"2390","03:20","DR3"
"2391","03:22","DR3"
"2392","03:23","DR3"
"2393","03:24","DR3"
"2394","03:25","DR3"
"2395","03:26","DR3"
"2396","03:27","DR3"
"2397","03:28","DR3"
"2398","03:29","DR3"
"2399","03:30","DR3"
"2400","03:31","DR3"
"2401","03:32","DR3"
"2402","03:33","DR3"
"2403","03:34","DR3"
"2404","03:36","DR3"
"2405","03:37","DR3"
"2406","03:38","DR3"
"2407","03:39","DR3"
"2408","03:40","DR3"
"2409","03:41","DR3"
"2410","03:43","DR17"
"2411","03:44","DR3"
"2412","03:47","DR3"
"2413","03:48","DR3"
"2414","03:49","DR3"
"2415","03:51","DR3"
"2416","03:52","DR3"
"2417","03:54","DR3"
"2418","03:57","DR3"
"2419","03:60","DR3"
"2420","03:63","DR3"
"2421","03:64","DR3"
"2422","04:01","DR4"
"2423","04:02","DR4"
"2424","04:03","DR4"
"2425","04:04","DR4"
"2426","04:05","DR4"
"2427","04:06","DR4"
"2428","04:07","DR4"
"2429","04:08","DR4"
"2430","04:09","DR4"
"2431","04:10","DR4"
"2432","04:11","DR4"
"2433","04:13","DR4"
"2434","04:14","DR4"
"2435","04:15","DR4"
"2436","04:16","DR4"
"2437","04:17","DR4"
"2438","04:18","DR4"
"2439","04:19","DR4"
"2440","04:21","DR4"
"2441","04:22","DR4"
"2442","04:23","DR4"
"2443","04:24","DR4"
"2444","04:25","DR4"
"2445","04:26","DR4"
"2446","04:27","DR4"
"2447","04:31","DR4"
"2448","04:32","DR4"
"2449","04:33","DR4"
"2450","04:34","DR4"
"2451","04:35","DR4"
"2452","04:36","DR4"
"2453","04:37","DR4"
"2454","04:38","DR4"
"2455","04:39","DR4"
"2456","04:40","DR4"
"2457","04:41","DR4"
"2458","04:42","DR4"
"2459","04:43","DR4"
"2460","04:44","DR4"
"2461","04:48","DR4"
"2462","04:50","DR4"
"2463","04:51","DR4"
"2464","04:54","DR4"
"2465","04:55","DR4"
"2466","04:56","DR4"
"2467","04:59","DR4"
"2468","04:60","DR4"
"2469","04:62","DR4"
"2470","04:67","DR4"
"2471","04:68","DR4"
"2472","04:69","DR4"
"2473","04:70","DR4"
"2474","04:71","DR4"
"2475","04:72","DR4"
"2476","04:74","DR4"
"2477","04:76","DR4"
"2478","04:77","DR4"
"2479","04:79","DR4"
"2480","04:83","DR4"
"2481","04:84","DR4"
"2482","04:86","DR4"
"2483","04:88","DR4"
"2484","04:89","DR4"
"2485","04:95","DR4"
"2486","07:01","DR7"
"2487","07:03","DR7"
"2488","07:04","DR7"
"2489","07:05","DR7"
"2490","07:07","DR7"
"2491","07:08","DR7"
"2492","07:09","DR7"
"2493","07:11","DR7"
"2494","07:12","DR7"
"2495","07:13","DR7"
"2496","07:14","DR7"
"2497","07:15","DR7"
"2498","07:16","DR7"
"2499","07:17","DR7"
"2500","07:20","DR7"
"2501","07:21","DR7"
"2502","08:01","DR8"
"2503","08:02","DR8"
"2504","08:03","DR8"
"2505","08:04","DR8"
"2506","08:05","DR8"
"2507","08:06","DR8"
"2508","08:07","DR8"
"2509","08:08","DR8"
"2510","08:09","DR8"
"2511","08:10","DR8"
"2512","08:11","DR8"
"2513","08:12","DR8"
"2514","08:13","DR8"
"2515","08:14","DR8"
"2516","08:16","DR8"
"2517","08:17","DR8"
"2518","08:18","DR8"
"2519","08:19","DR8"
"2520","08:20","DR8"
"2521","08:21","DR8"
"2522","08:22","DR8"
"2523","08:23","DR8"
"2524","08:24","DR8"
"2525","08:25","DR8"
"2526","08:26","DR8"
"2527","08:27","DR8"
"2528","08:28","DR8"
"2529","08:30","DR8"
"2530","08:32","DR8"
"2531","08:34","DR8"
"2532","08:35","DR8"
"2533","08:39","DR8"
"2534","08:41","DR8"
"2535","08:42","DR8"
"2536","09:01","DR9"
"2537","09:02","DR9"
"2538","09:04","DR9"
"2539","09:06","DR9"
"2540","09:09","DR9"
"2541","10:01","DR10"
"2542","10:02","DR10"
"2543","10:03","DR10"
"2544","11:01","DR11"
"2545","11:02","DR11"
"2546","11:03","DR11"
"2547","11:04","DR11"
"2548","11:05","DR11"
"2549","11:06","DR11"
"2550","11:07","DR11"
"2551","11:08","DR11"
"2552","11:09","DR11"
"2553","11:10","DR11"
"2554","11:102","DR11"
"2555","11:103","DR11"
"2556","11:104","DR11"
"2557","11:108","DR11"
"2558","11:11","DR11"
"2559","11:12","DR11"
"2560","11:13","DR11"
"2561","11:14","DR11"
"2562","11:15","DR11"
"2563","11:16","DR11"
"2564","11:17","DR11"
"2565","11:18","DR11"
"2566","11:19","DR11"
"2567","11:20","DR11"
"2568","11:21","DR11"
"2569","11:22","DR11"
"2570","11:23","DR11"
"2571","11:24","DR11"
"2572","11:25","DR11"
"2573","11:26","DR11"
"2574","11:27","DR11"
"2575","11:28","DR11"
"2576","11:29","DR11"
"2577","11:30","DR11"
"2578","11:31","DR11"
"2579","11:32","DR11"
"2580","11:33","DR11"
"2581","11:34","DR11"
"2582","11:35","DR11"
"2583","11:36","DR11"
"2584","11:37","DR11"
"2585","11:38","DR11"
"2586","11:39","DR11"
"2587","11:40","DR11"
"2588","11:41","DR11"
"2589","11:42","DR11"
"2590","11:43","DR11"
"2591","11:45","DR11"
"2592","11:46","DR11"
"2593","11:47","DR11"
"2594","11:48","DR11"
"2595","11:49","DR11"
"2596","11:51","DR11"
"2597","11:52","DR11"
"2598","11:53","DR11"
"2599","11:54","DR11"
"2600","11:56","DR11"
"2601","11:57","DR11"
"2602","11:58","DR11"
"2603","11:60","DR11"
"2604","11:62","DR11"
"2605","11:65","DR11"
"2606","11:66","DR11"
"2607","11:68","DR11"
"2608","11:69","DR11"
"2609","11:72","DR11"
"2610","11:73","DR11"
"2611","11:75","DR11"
"2612","11:76","DR11"
"2613","11:83","DR11"
"2614","11:84","DR11"
"2615","11:85","DR11"
"2616","11:86","DR11"
"2617","11:87","DR11"
"2618","11:88","DR11"
"2619","11:89","DR11"
"2620","11:91","DR11"
"2621","11:92","DR11"
"2622","11:93","DR11"
"2623","11:95","DR11"
"2624","11:98","DR11"
"2625","12:01","DR12"
"2626","12:02","DR12"
"2627","12:03","DR12"
"2628","12:04","DR12"
"2629","12:05","DR12"
"2630","12:08","DR12"
"2631","12:09","DR12"
"2632","12:11","DR12"
"2633","12:12","DR12"
"2634","12:14","DR12"
"2635","12:15","DR12"
"2636","12:19","DR12"
"2637","12:20","DR12"
"2638","13:01","DR13"
"2639","13:02","DR13"
"2640","13:03","DR13"
"2641","13:04","DR13"
"2642","13:05","DR13"
"2643","13:06","DR13"
"2644","13:07","DR13"
"2645","13:08","DR13"
"2646","13:09","DR13"
"2647","13:10","DR13"
"2648","13:102","DR13"
"2649","13:104","DR13"
"2650","13:106","DR13"
"2651","13:107","DR13"
"2652","13:11","DR13"
"2653","13:111","DR13"
"2654","13:12","DR13"
"2655","13:13","DR13"
"2656","13:14","DR13"
"2657","13:15","DR13"
"2658","13:16","DR13"
"2659","13:17","DR13"
"2660","13:18","DR13"
"2661","13:19","DR13"
"2662","13:20","DR13"
"2663","13:21","DR13"
"2664","13:22","DR13"
"2665","13:23","DR13"
"2666","13:24","DR13"
"2667","13:25","DR13"
"2668","13:26","DR13"
"2669","13:27","DR13"
"2670","13:28","DR13"
"2671","13:29","DR13"
"2672","13:30","DR13"
"2673","13:31","DR13"
"2674","13:32","DR13"
"2675","13:33","DR13"
"2676","13:34","DR13"
"2677","13:36","DR13"
"2678","13:37","DR13"
"2679","13:38","DR13"
"2680","13:39","DR13"
"2681","13:40","DR13"
"2682","13:41","DR13"
"2683","13:42","DR13"
"2684","13:44","DR13"
"2685","13:45","DR13"
"2686","13:47","DR13"
"2687","13:48","DR13"
"2688","13:49","DR13"
"2689","13:50","DR13"
"2690","13:51","DR13"
"2691","13:52","DR13"
"2692","13:53","DR13"
"2693","13:54","DR14"
"2694","13:55","DR13"
"2695","13:56","DR13"
"2696","13:59","DR13"
"2697","13:60","DR13"
"2698","13:61","DR13"
"2699","13:62","DR13"
"2700","13:63","DR13"
"2701","13:65","DR13"
"2702","13:66","DR13"
"2703","13:67","DR13"
"2704","13:68","DR13"
"2705","13:69","DR13"
"2706","13:70","DR13"
"2707","13:71","DR13"
"2708","13:76","DR13"
"2709","13:77","DR13"
"2710","13:78","DR13"
"2711","13:79","DR13"
"2712","13:80","DR13"
"2713","13:81","DR13"
"2714","13:82","DR13"
"2715","13:83","DR13"
"2716","13:84","DR13"
"2717","13:85","DR13"
"2718","13:86","DR13"
"2719","13:87","DR13"
"2720","13:88","DR13"
"2721","13:90","DR13"
"2722","13:91","DR13"
"2723","13:92","DR13"
"2724","13:93","DR13"
"2725","13:94","DR13"
"2726","13:95","DR13"
"2727","13:96","DR13"
"2728","13:97","DR13"
"2729","13:98","DR13"
"2730","14:01","DR14"
"2731","14:02","DR14"
"2732","14:03","DR1403"
"2733","14:04","DR1404"
"2734","14:05","DR14"
"2735","14:06","DR14"
"2736","14:07","DR14"
"2737","14:08","DR14"
"2738","14:09","DR14"
"2739","14:10","DR14"
"2740","14:100","DR14"
"2741","14:101","DR14"
"2742","14:102","DR14"
"2743","14:103","DR14"
"2744","14:104","DR14"
"2745","14:105","DR14"
"2746","14:106","DR14"
"2747","14:107","DR14"
"2748","14:108","DR14"
"2749","14:109","DR14"
"2750","14:11","DR14"
"2751","14:110","DR14"
"2752","14:111","DR14"
"2753","14:112","DR14"
"2754","14:113","DR14"
"2755","14:12","DR14"
"2756","14:13","DR14"
"2757","14:15","DR8"
"2758","14:16","DR6"
"2759","14:17","DR6"
"2760","14:18","DR6"
"2761","14:19","DR14"
"2762","14:20","DR14"
"2763","14:21","DR14"
"2764","14:22","DR14"
"2765","14:23","DR14"
"2766","14:24","DR14"
"2767","14:25","DR14"
"2768","14:27","DR14"
"2769","14:28","DR14"
"2770","14:29","DR14"
"2771","14:30","DR14"
"2772","14:32","DR14"
"2773","14:33","DR14"
"2774","14:34","DR14"
"2775","14:35","DR14"
"2776","14:36","DR14"
"2777","14:38","DR14"
"2778","14:39","DR14"
"2779","14:41","DR14"
"2780","14:42","DR14"
"2781","14:44","DR14"
"2782","14:45","DR14"
"2783","14:46","DR14"
"2784","14:47","DR14"
"2785","14:48","DR14"
"2786","14:50","DR14"
"2787","14:52","DR14"
"2788","14:53","DR13"
"2789","14:55","DR14"
"2790","14:58","DR14"
"2791","14:60","DR14"
"2792","14:61","DR14"
"2793","14:62","DR14"
"2794","14:67","DR14"
"2795","14:68","DR14"
"2796","14:69","DR14"
"2797","14:70","DR14"
"2798","14:71","DR14"
"2799","14:72","DR14"
"2800","14:73","DR14"
"2801","14:75","DR14"
"2802","14:77","DR14"
"2803","14:79","DR14"
"2804","14:81","DR14"
"2805","14:83","DR14"
"2806","14:93","DR14"
"2807","14:94","DR14"
"2808","14:95","DR14"
"2809","14:96","DR14"
"2810","14:97","DR14"
"2811","14:99","DR14"
"2812","15:01","DR15"
"2813","15:02","DR15"
"2814","15:03","DR15"
"2815","15:04","DR15"
"2816","15:05","DR15"
"2817","15:06","DR15"
"2818","15:07","DR15"
"2819","15:08","DR2"
"2820","15:09","DR15"
"2821","15:10","DR15"
"2822","15:11","DR15"
"2823","15:13","DR15"
"2824","15:14","DR15"
"2825","15:15","DR15"
"2826","15:18","DR15"
"2827","15:20","DR15"
"2828","15:21","DR15"
"2829","15:22","DR15"
"2830","15:23","DR15"
"2831","15:24","DR15"
"2832","15:25","DR15"
"2833","15:26","DR15"
"2834","15:27","DR15"
"2835","15:31","DR15"
"2836","15:32","DR15"
"2837","15:33","DR15"
"2838","15:37","DR15"
"2839","15:38","DR15"
"2840","15:41","DR15"
"2841","15:42","DR15"
"2842","15:44","DR15"
"2843","15:48","DR15"
"2844","15:52","DR15"
"2845","16:01","DR16"
"2846","16:02","DR16"
"2847","16:03","DR2"
"2848","16:04","DR16"
"2849","16:05","DR16"
"2850","16:07","DR16"
"2851","16:08","DR16"
"2852","16:09","DR16"
"2853","16:10","DR16"
"2854","16:12","DR16"
"2855","16:14","DR16"
"2856","16:15","DR16"
"2857","16:18","DR16"
